"Código Municipio","Nombre Departamento","Nombre Municipio"
"05001","ANTIOQUIA","MEDELLÍN"
"05002","ANTIOQUIA","ABEJORRAL"
"05004","ANTIOQUIA","ABRIAQUÍ"
"05021","ANTIOQUIA","ALEJANDRÍA"
"05030","ANTIOQUIA","AMAGÁ"
"05031","ANTIOQUIA","AMALFI"
"05034","ANTIOQUIA","ANDES"
"05036","ANTIOQUIA","ANGELÓPOLIS"
"05038","ANTIOQUIA","ANGOSTURA"
"05040","ANTIOQUIA","ANORÍ"
"05042","ANTIOQUIA","SANTA FÉ DE ANTIOQUIA"
"05044","ANTIOQUIA","ANZÁ"
"05045","ANTIOQUIA","APARTADÓ"
"05051","ANTIOQUIA","ARBOLETES"
"05055","ANTIOQUIA","ARGELIA"
"05059","ANTIOQUIA","ARMENIA"
"05079","ANTIOQUIA","BARBOSA"
"05086","ANTIOQUIA","BELMIRA"
"05088","ANTIOQUIA","BELLO"
"05091","ANTIOQUIA","BETANIA"
"05093","ANTIOQUIA","BETULIA"
"05101","ANTIOQUIA","CIUDAD BOLÍVAR"
"05107","ANTIOQUIA","BRICEÑO"
"05113","ANTIOQUIA","BURITICÁ"
"05120","ANTIOQUIA","CÁCERES"
"05125","ANTIOQUIA","CAICEDO"
"05129","ANTIOQUIA","CALDAS"
"05134","ANTIOQUIA","CAMPAMENTO"
"05138","ANTIOQUIA","CAÑASGORDAS"
"05142","ANTIOQUIA","CARACOLÍ"
"05145","ANTIOQUIA","CARAMANTA"
"05147","ANTIOQUIA","CAREPA"
"05148","ANTIOQUIA","EL CARMEN DE VIBORAL"
"05150","ANTIOQUIA","CAROLINA"
"05154","ANTIOQUIA","CAUCASIA"
"05172","ANTIOQUIA","CHIGORODÓ"
"05190","ANTIOQUIA","CISNEROS"
"05197","ANTIOQUIA","COCORNÁ"
"05206","ANTIOQUIA","CONCEPCIÓN"
"05209","ANTIOQUIA","CONCORDIA"
"05212","ANTIOQUIA","COPACABANA"
"05234","ANTIOQUIA","DABEIBA"
"05237","ANTIOQUIA","DONMATÍAS"
"05240","ANTIOQUIA","EBÉJICO"
"05250","ANTIOQUIA","EL BAGRE"
"05264","ANTIOQUIA","ENTRERRÍOS"
"05266","ANTIOQUIA","ENVIGADO"
"05282","ANTIOQUIA","FREDONIA"
"05284","ANTIOQUIA","FRONTINO"
"05306","ANTIOQUIA","GIRALDO"
"05308","ANTIOQUIA","GIRARDOTA"
"05310","ANTIOQUIA","GÓMEZ PLATA"
"05313","ANTIOQUIA","GRANADA"
"05315","ANTIOQUIA","GUADALUPE"
"05318","ANTIOQUIA","GUARNE"
"05321","ANTIOQUIA","GUATAPÉ"
"05347","ANTIOQUIA","HELICONIA"
"05353","ANTIOQUIA","HISPANIA"
"05360","ANTIOQUIA","ITAGÜÍ"
"05361","ANTIOQUIA","ITUANGO"
"05364","ANTIOQUIA","JARDÍN"
"05368","ANTIOQUIA","JERICÓ"
"05376","ANTIOQUIA","LA CEJA"
"05380","ANTIOQUIA","LA ESTRELLA"
"05390","ANTIOQUIA","LA PINTADA"
"05400","ANTIOQUIA","LA UNIÓN"
"05411","ANTIOQUIA","LIBORINA"
"05425","ANTIOQUIA","MACEO"
"05440","ANTIOQUIA","MARINILLA"
"05467","ANTIOQUIA","MONTEBELLO"
"05475","ANTIOQUIA","MURINDÓ"
"05480","ANTIOQUIA","MUTATÁ"
"05483","ANTIOQUIA","NARIÑO"
"05490","ANTIOQUIA","NECOCLÍ"
"05495","ANTIOQUIA","NECHÍ"
"05501","ANTIOQUIA","OLAYA"
"05541","ANTIOQUIA","PEÑOL"
"05543","ANTIOQUIA","PEQUE"
"05576","ANTIOQUIA","PUEBLORRICO"
"05579","ANTIOQUIA","PUERTO BERRÍO"
"05585","ANTIOQUIA","PUERTO NARE"
"05591","ANTIOQUIA","PUERTO TRIUNFO"
"05604","ANTIOQUIA","REMEDIOS"
"05607","ANTIOQUIA","RETIRO"
"05615","ANTIOQUIA","RIONEGRO"
"05628","ANTIOQUIA","SABANALARGA"
"05631","ANTIOQUIA","SABANETA"
"05642","ANTIOQUIA","SALGAR"
"05647","ANTIOQUIA","SAN ANDRÉS DE CUERQUÍA"
"05649","ANTIOQUIA","SAN CARLOS"
"05652","ANTIOQUIA","SAN FRANCISCO"
"05656","ANTIOQUIA","SAN JERÓNIMO"
"05658","ANTIOQUIA","SAN JOSÉ DE LA MONTAÑA"
"05659","ANTIOQUIA","SAN JUAN DE URABÁ"
"05660","ANTIOQUIA","SAN LUIS"
"05664","ANTIOQUIA","SAN PEDRO DE LOS MILAGROS"
"05665","ANTIOQUIA","SAN PEDRO DE URABÁ"
"05667","ANTIOQUIA","SAN RAFAEL"
"05670","ANTIOQUIA","SAN ROQUE"
"05674","ANTIOQUIA","SAN VICENTE FERRER"
"05679","ANTIOQUIA","SANTA BÁRBARA"
"05686","ANTIOQUIA","SANTA ROSA DE OSOS"
"05690","ANTIOQUIA","SANTO DOMINGO"
"05697","ANTIOQUIA","EL SANTUARIO"
"05736","ANTIOQUIA","SEGOVIA"
"05756","ANTIOQUIA","SONSÓN"
"05761","ANTIOQUIA","SOPETRÁN"
"05789","ANTIOQUIA","TÁMESIS"
"05790","ANTIOQUIA","TARAZÁ"
"05792","ANTIOQUIA","TARSO"
"05809","ANTIOQUIA","TITIRIBÍ"
"05819","ANTIOQUIA","TOLEDO"
"05837","ANTIOQUIA","TURBO"
"05842","ANTIOQUIA","URAMITA"
"05847","ANTIOQUIA","URRAO"
"05854","ANTIOQUIA","VALDIVIA"
"05856","ANTIOQUIA","VALPARAÍSO"
"05858","ANTIOQUIA","VEGACHÍ"
"05861","ANTIOQUIA","VENECIA"
"05873","ANTIOQUIA","VIGÍA DEL FUERTE"
"05885","ANTIOQUIA","YALÍ"
"05887","ANTIOQUIA","YARUMAL"
"05890","ANTIOQUIA","YOLOMBÓ"
"05893","ANTIOQUIA","YONDÓ"
"05895","ANTIOQUIA","ZARAGOZA"
"08001","ATLÁNTICO","BARRANQUILLA"
"08078","ATLÁNTICO","BARANOA"
"08137","ATLÁNTICO","CAMPO DE LA CRUZ"
"08141","ATLÁNTICO","CANDELARIA"
"08296","ATLÁNTICO","GALAPA"
"08372","ATLÁNTICO","JUAN DE ACOSTA"
"08421","ATLÁNTICO","LURUACO"
"08433","ATLÁNTICO","MALAMBO"
"08436","ATLÁNTICO","MANATÍ"
"08520","ATLÁNTICO","PALMAR DE VARELA"
"08549","ATLÁNTICO","PIOJÓ"
"08558","ATLÁNTICO","POLONUEVO"
"08560","ATLÁNTICO","PONEDERA"
"08573","ATLÁNTICO","PUERTO COLOMBIA"
"08606","ATLÁNTICO","REPELÓN"
"08634","ATLÁNTICO","SABANAGRANDE"
"08638","ATLÁNTICO","SABANALARGA"
"08675","ATLÁNTICO","SANTA LUCÍA"
"08685","ATLÁNTICO","SANTO TOMÁS"
"08758","ATLÁNTICO","SOLEDAD"
"08770","ATLÁNTICO","SUAN"
"08832","ATLÁNTICO","TUBARÁ"
"08849","ATLÁNTICO","USIACURÍ"
"11001","BOGOTÁ, D.C.","BOGOTÁ, D.C."
"13001","BOLÍVAR","CARTAGENA DE INDIAS"
"13006","BOLÍVAR","ACHÍ"
"13030","BOLÍVAR","ALTOS DEL ROSARIO"
"13042","BOLÍVAR","ARENAL"
"13052","BOLÍVAR","ARJONA"
"13062","BOLÍVAR","ARROYOHONDO"
"13074","BOLÍVAR","BARRANCO DE LOBA"
"13140","BOLÍVAR","CALAMAR"
"13160","BOLÍVAR","CANTAGALLO"
"13188","BOLÍVAR","CICUCO"
"13212","BOLÍVAR","CÓRDOBA"
"13222","BOLÍVAR","CLEMENCIA"
"13244","BOLÍVAR","EL CARMEN DE BOLÍVAR"
"13248","BOLÍVAR","EL GUAMO"
"13268","BOLÍVAR","EL PEÑÓN"
"13300","BOLÍVAR","HATILLO DE LOBA"
"13430","BOLÍVAR","MAGANGUÉ"
"13433","BOLÍVAR","MAHATES"
"13440","BOLÍVAR","MARGARITA"
"13442","BOLÍVAR","MARÍA LA BAJA"
"13458","BOLÍVAR","MONTECRISTO"
"13468","BOLÍVAR","SANTA CRUZ DE MOMPOX"
"13473","BOLÍVAR","MORALES"
"13490","BOLÍVAR","NOROSÍ"
"13549","BOLÍVAR","PINILLOS"
"13580","BOLÍVAR","REGIDOR"
"13600","BOLÍVAR","RÍO VIEJO"
"13620","BOLÍVAR","SAN CRISTÓBAL"
"13647","BOLÍVAR","SAN ESTANISLAO"
"13650","BOLÍVAR","SAN FERNANDO"
"13654","BOLÍVAR","SAN JACINTO"
"13655","BOLÍVAR","SAN JACINTO DEL CAUCA"
"13657","BOLÍVAR","SAN JUAN NEPOMUCENO"
"13667","BOLÍVAR","SAN MARTÍN DE LOBA"
"13670","BOLÍVAR","SAN PABLO"
"13673","BOLÍVAR","SANTA CATALINA"
"13683","BOLÍVAR","SANTA ROSA"
"13688","BOLÍVAR","SANTA ROSA DEL SUR"
"13744","BOLÍVAR","SIMITÍ"
"13760","BOLÍVAR","SOPLAVIENTO"
"13780","BOLÍVAR","TALAIGUA NUEVO"
"13810","BOLÍVAR","TIQUISIO"
"13836","BOLÍVAR","TURBACO"
"13838","BOLÍVAR","TURBANÁ"
"13873","BOLÍVAR","VILLANUEVA"
"13894","BOLÍVAR","ZAMBRANO"
"15001","BOYACÁ","TUNJA"
"15022","BOYACÁ","ALMEIDA"
"15047","BOYACÁ","AQUITANIA"
"15051","BOYACÁ","ARCABUCO"
"15087","BOYACÁ","BELÉN"
"15090","BOYACÁ","BERBEO"
"15092","BOYACÁ","BETÉITIVA"
"15097","BOYACÁ","BOAVITA"
"15104","BOYACÁ","BOYACÁ"
"15106","BOYACÁ","BRICEÑO"
"15109","BOYACÁ","BUENAVISTA"
"15114","BOYACÁ","BUSBANZÁ"
"15131","BOYACÁ","CALDAS"
"15135","BOYACÁ","CAMPOHERMOSO"
"15162","BOYACÁ","CERINZA"
"15172","BOYACÁ","CHINAVITA"
"15176","BOYACÁ","CHIQUINQUIRÁ"
"15180","BOYACÁ","CHISCAS"
"15183","BOYACÁ","CHITA"
"15185","BOYACÁ","CHITARAQUE"
"15187","BOYACÁ","CHIVATÁ"
"15189","BOYACÁ","CIÉNEGA"
"15204","BOYACÁ","CÓMBITA"
"15212","BOYACÁ","COPER"
"15215","BOYACÁ","CORRALES"
"15218","BOYACÁ","COVARACHÍA"
"15223","BOYACÁ","CUBARÁ"
"15224","BOYACÁ","CUCAITA"
"15226","BOYACÁ","CUÍTIVA"
"15232","BOYACÁ","CHÍQUIZA"
"15236","BOYACÁ","CHIVOR"
"15238","BOYACÁ","DUITAMA"
"15244","BOYACÁ","EL COCUY"
"15248","BOYACÁ","EL ESPINO"
"15272","BOYACÁ","FIRAVITOBA"
"15276","BOYACÁ","FLORESTA"
"15293","BOYACÁ","GACHANTIVÁ"
"15296","BOYACÁ","GÁMEZA"
"15299","BOYACÁ","GARAGOA"
"15317","BOYACÁ","GUACAMAYAS"
"15322","BOYACÁ","GUATEQUE"
"15325","BOYACÁ","GUAYATÁ"
"15332","BOYACÁ","GÜICÁN DE LA SIERRA"
"15362","BOYACÁ","IZA"
"15367","BOYACÁ","JENESANO"
"15368","BOYACÁ","JERICÓ"
"15377","BOYACÁ","LABRANZAGRANDE"
"15380","BOYACÁ","LA CAPILLA"
"15401","BOYACÁ","LA VICTORIA"
"15403","BOYACÁ","LA UVITA"
"15407","BOYACÁ","VILLA DE LEYVA"
"15425","BOYACÁ","MACANAL"
"15442","BOYACÁ","MARIPÍ"
"15455","BOYACÁ","MIRAFLORES"
"15464","BOYACÁ","MONGUA"
"15466","BOYACÁ","MONGUÍ"
"15469","BOYACÁ","MONIQUIRÁ"
"15476","BOYACÁ","MOTAVITA"
"15480","BOYACÁ","MUZO"
"15491","BOYACÁ","NOBSA"
"15494","BOYACÁ","NUEVO COLÓN"
"15500","BOYACÁ","OICATÁ"
"15507","BOYACÁ","OTANCHE"
"15511","BOYACÁ","PACHAVITA"
"15514","BOYACÁ","PÁEZ"
"15516","BOYACÁ","PAIPA"
"15518","BOYACÁ","PAJARITO"
"15522","BOYACÁ","PANQUEBA"
"15531","BOYACÁ","PAUNA"
"15533","BOYACÁ","PAYA"
"15537","BOYACÁ","PAZ DE RÍO"
"15542","BOYACÁ","PESCA"
"15550","BOYACÁ","PISBA"
"15572","BOYACÁ","PUERTO BOYACÁ"
"15580","BOYACÁ","QUÍPAMA"
"15599","BOYACÁ","RAMIRIQUÍ"
"15600","BOYACÁ","RÁQUIRA"
"15621","BOYACÁ","RONDÓN"
"15632","BOYACÁ","SABOYÁ"
"15638","BOYACÁ","SÁCHICA"
"15646","BOYACÁ","SAMACÁ"
"15660","BOYACÁ","SAN EDUARDO"
"15664","BOYACÁ","SAN JOSÉ DE PARE"
"15667","BOYACÁ","SAN LUIS DE GACENO"
"15673","BOYACÁ","SAN MATEO"
"15676","BOYACÁ","SAN MIGUEL DE SEMA"
"15681","BOYACÁ","SAN PABLO DE BORBUR"
"15686","BOYACÁ","SANTANA"
"15690","BOYACÁ","SANTA MARÍA"
"15693","BOYACÁ","SANTA ROSA DE VITERBO"
"15696","BOYACÁ","SANTA SOFÍA"
"15720","BOYACÁ","SATIVANORTE"
"15723","BOYACÁ","SATIVASUR"
"15740","BOYACÁ","SIACHOQUE"
"15753","BOYACÁ","SOATÁ"
"15755","BOYACÁ","SOCOTÁ"
"15757","BOYACÁ","SOCHA"
"15759","BOYACÁ","SOGAMOSO"
"15761","BOYACÁ","SOMONDOCO"
"15762","BOYACÁ","SORA"
"15763","BOYACÁ","SOTAQUIRÁ"
"15764","BOYACÁ","SORACÁ"
"15774","BOYACÁ","SUSACÓN"
"15776","BOYACÁ","SUTAMARCHÁN"
"15778","BOYACÁ","SUTATENZA"
"15790","BOYACÁ","TASCO"
"15798","BOYACÁ","TENZA"
"15804","BOYACÁ","TIBANÁ"
"15806","BOYACÁ","TIBASOSA"
"15808","BOYACÁ","TINJACÁ"
"15810","BOYACÁ","TIPACOQUE"
"15814","BOYACÁ","TOCA"
"15816","BOYACÁ","TOGÜÍ"
"15820","BOYACÁ","TÓPAGA"
"15822","BOYACÁ","TOTA"
"15832","BOYACÁ","TUNUNGUÁ"
"15835","BOYACÁ","TURMEQUÉ"
"15837","BOYACÁ","TUTA"
"15839","BOYACÁ","TUTAZÁ"
"15842","BOYACÁ","ÚMBITA"
"15861","BOYACÁ","VENTAQUEMADA"
"15879","BOYACÁ","VIRACACHÁ"
"15897","BOYACÁ","ZETAQUIRA"
"17001","CALDAS","MANIZALES"
"17013","CALDAS","AGUADAS"
"17042","CALDAS","ANSERMA"
"17050","CALDAS","ARANZAZU"
"17088","CALDAS","BELALCÁZAR"
"17174","CALDAS","CHINCHINÁ"
"17272","CALDAS","FILADELFIA"
"17380","CALDAS","LA DORADA"
"17388","CALDAS","LA MERCED"
"17433","CALDAS","MANZANARES"
"17442","CALDAS","MARMATO"
"17444","CALDAS","MARQUETALIA"
"17446","CALDAS","MARULANDA"
"17486","CALDAS","NEIRA"
"17495","CALDAS","NORCASIA"
"17513","CALDAS","PÁCORA"
"17524","CALDAS","PALESTINA"
"17541","CALDAS","PENSILVANIA"
"17614","CALDAS","RIOSUCIO"
"17616","CALDAS","RISARALDA"
"17653","CALDAS","SALAMINA"
"17662","CALDAS","SAMANÁ"
"17665","CALDAS","SAN JOSÉ"
"17777","CALDAS","SUPÍA"
"17867","CALDAS","VICTORIA"
"17873","CALDAS","VILLAMARÍA"
"17877","CALDAS","VITERBO"
"18001","CAQUETÁ","FLORENCIA"
"18029","CAQUETÁ","ALBANIA"
"18094","CAQUETÁ","BELÉN DE LOS ANDAQUÍES"
"18150","CAQUETÁ","CARTAGENA DEL CHAIRÁ"
"18205","CAQUETÁ","CURILLO"
"18247","CAQUETÁ","EL DONCELLO"
"18256","CAQUETÁ","EL PAUJÍL"
"18410","CAQUETÁ","LA MONTAÑITA"
"18460","CAQUETÁ","MILÁN"
"18479","CAQUETÁ","MORELIA"
"18592","CAQUETÁ","PUERTO RICO"
"18610","CAQUETÁ","SAN JOSÉ DEL FRAGUA"
"18753","CAQUETÁ","SAN VICENTE DEL CAGUÁN"
"18756","CAQUETÁ","SOLANO"
"18785","CAQUETÁ","SOLITA"
"18860","CAQUETÁ","VALPARAÍSO"
"19001","CAUCA","POPAYÁN"
"19022","CAUCA","ALMAGUER"
"19050","CAUCA","ARGELIA"
"19075","CAUCA","BALBOA"
"19100","CAUCA","BOLÍVAR"
"19110","CAUCA","BUENOS AIRES"
"19130","CAUCA","CAJIBÍO"
"19137","CAUCA","CALDONO"
"19142","CAUCA","CALOTO"
"19212","CAUCA","CORINTO"
"19256","CAUCA","EL TAMBO"
"19290","CAUCA","FLORENCIA"
"19300","CAUCA","GUACHENÉ"
"19318","CAUCA","GUAPI"
"19355","CAUCA","INZÁ"
"19364","CAUCA","JAMBALÓ"
"19392","CAUCA","LA SIERRA"
"19397","CAUCA","LA VEGA"
"19418","CAUCA","LÓPEZ DE MICAY"
"19450","CAUCA","MERCADERES"
"19455","CAUCA","MIRANDA"
"19473","CAUCA","MORALES"
"19513","CAUCA","PADILLA"
"19517","CAUCA","PÁEZ"
"19532","CAUCA","PATÍA"
"19533","CAUCA","PIAMONTE"
"19548","CAUCA","PIENDAMÓ - TUNÍA"
"19573","CAUCA","PUERTO TEJADA"
"19585","CAUCA","PURACÉ"
"19622","CAUCA","ROSAS"
"19693","CAUCA","SAN SEBASTIÁN"
"19698","CAUCA","SANTANDER DE QUILICHAO"
"19701","CAUCA","SANTA ROSA"
"19743","CAUCA","SILVIA"
"19760","CAUCA","SOTARÁ - PAISPAMBA"
"19780","CAUCA","SUÁREZ"
"19785","CAUCA","SUCRE"
"19807","CAUCA","TIMBÍO"
"19809","CAUCA","TIMBIQUÍ"
"19821","CAUCA","TORIBÍO"
"19824","CAUCA","TOTORÓ"
"19845","CAUCA","VILLA RICA"
"20001","CESAR","VALLEDUPAR"
"20011","CESAR","AGUACHICA"
"20013","CESAR","AGUSTÍN CODAZZI"
"20032","CESAR","ASTREA"
"20045","CESAR","BECERRIL"
"20060","CESAR","BOSCONIA"
"20175","CESAR","CHIMICHAGUA"
"20178","CESAR","CHIRIGUANÁ"
"20228","CESAR","CURUMANÍ"
"20238","CESAR","EL COPEY"
"20250","CESAR","EL PASO"
"20295","CESAR","GAMARRA"
"20310","CESAR","GONZÁLEZ"
"20383","CESAR","LA GLORIA"
"20400","CESAR","LA JAGUA DE IBIRICO"
"20443","CESAR","MANAURE BALCÓN DEL CESAR"
"20517","CESAR","PAILITAS"
"20550","CESAR","PELAYA"
"20570","CESAR","PUEBLO BELLO"
"20614","CESAR","RÍO DE ORO"
"20621","CESAR","LA PAZ"
"20710","CESAR","SAN ALBERTO"
"20750","CESAR","SAN DIEGO"
"20770","CESAR","SAN MARTÍN"
"20787","CESAR","TAMALAMEQUE"
"23001","CÓRDOBA","MONTERÍA"
"23068","CÓRDOBA","AYAPEL"
"23079","CÓRDOBA","BUENAVISTA"
"23090","CÓRDOBA","CANALETE"
"23162","CÓRDOBA","CERETÉ"
"23168","CÓRDOBA","CHIMÁ"
"23182","CÓRDOBA","CHINÚ"
"23189","CÓRDOBA","CIÉNAGA DE ORO"
"23300","CÓRDOBA","COTORRA"
"23350","CÓRDOBA","LA APARTADA"
"23417","CÓRDOBA","LORICA"
"23419","CÓRDOBA","LOS CÓRDOBAS"
"23464","CÓRDOBA","MOMIL"
"23466","CÓRDOBA","MONTELÍBANO"
"23500","CÓRDOBA","MOÑITOS"
"23555","CÓRDOBA","PLANETA RICA"
"23570","CÓRDOBA","PUEBLO NUEVO"
"23574","CÓRDOBA","PUERTO ESCONDIDO"
"23580","CÓRDOBA","PUERTO LIBERTADOR"
"23586","CÓRDOBA","PURÍSIMA DE LA CONCEPCIÓN"
"23660","CÓRDOBA","SAHAGÚN"
"23670","CÓRDOBA","SAN ANDRÉS DE SOTAVENTO"
"23672","CÓRDOBA","SAN ANTERO"
"23675","CÓRDOBA","SAN BERNARDO DEL VIENTO"
"23678","CÓRDOBA","SAN CARLOS"
"23682","CÓRDOBA","SAN JOSÉ DE URÉ"
"23686","CÓRDOBA","SAN PELAYO"
"23807","CÓRDOBA","TIERRALTA"
"23815","CÓRDOBA","TUCHÍN"
"23855","CÓRDOBA","VALENCIA"
"25001","CUNDINAMARCA","AGUA DE DIOS"
"25019","CUNDINAMARCA","ALBÁN"
"25035","CUNDINAMARCA","ANAPOIMA"
"25040","CUNDINAMARCA","ANOLAIMA"
"25053","CUNDINAMARCA","ARBELÁEZ"
"25086","CUNDINAMARCA","BELTRÁN"
"25095","CUNDINAMARCA","BITUIMA"
"25099","CUNDINAMARCA","BOJACÁ"
"25120","CUNDINAMARCA","CABRERA"
"25123","CUNDINAMARCA","CACHIPAY"
"25126","CUNDINAMARCA","CAJICÁ"
"25148","CUNDINAMARCA","CAPARRAPÍ"
"25151","CUNDINAMARCA","CÁQUEZA"
"25154","CUNDINAMARCA","CARMEN DE CARUPA"
"25168","CUNDINAMARCA","CHAGUANÍ"
"25175","CUNDINAMARCA","CHÍA"
"25178","CUNDINAMARCA","CHIPAQUE"
"25181","CUNDINAMARCA","CHOACHÍ"
"25183","CUNDINAMARCA","CHOCONTÁ"
"25200","CUNDINAMARCA","COGUA"
"25214","CUNDINAMARCA","COTA"
"25224","CUNDINAMARCA","CUCUNUBÁ"
"25245","CUNDINAMARCA","EL COLEGIO"
"25258","CUNDINAMARCA","EL PEÑÓN"
"25260","CUNDINAMARCA","EL ROSAL"
"25269","CUNDINAMARCA","FACATATIVÁ"
"25279","CUNDINAMARCA","FÓMEQUE"
"25281","CUNDINAMARCA","FOSCA"
"25286","CUNDINAMARCA","FUNZA"
"25288","CUNDINAMARCA","FÚQUENE"
"25290","CUNDINAMARCA","FUSAGASUGÁ"
"25293","CUNDINAMARCA","GACHALÁ"
"25295","CUNDINAMARCA","GACHANCIPÁ"
"25297","CUNDINAMARCA","GACHETÁ"
"25299","CUNDINAMARCA","GAMA"
"25307","CUNDINAMARCA","GIRARDOT"
"25312","CUNDINAMARCA","GRANADA"
"25317","CUNDINAMARCA","GUACHETÁ"
"25320","CUNDINAMARCA","GUADUAS"
"25322","CUNDINAMARCA","GUASCA"
"25324","CUNDINAMARCA","GUATAQUÍ"
"25326","CUNDINAMARCA","GUATAVITA"
"25328","CUNDINAMARCA","GUAYABAL DE SÍQUIMA"
"25335","CUNDINAMARCA","GUAYABETAL"
"25339","CUNDINAMARCA","GUTIÉRREZ"
"25368","CUNDINAMARCA","JERUSALÉN"
"25372","CUNDINAMARCA","JUNÍN"
"25377","CUNDINAMARCA","LA CALERA"
"25386","CUNDINAMARCA","LA MESA"
"25394","CUNDINAMARCA","LA PALMA"
"25398","CUNDINAMARCA","LA PEÑA"
"25402","CUNDINAMARCA","LA VEGA"
"25407","CUNDINAMARCA","LENGUAZAQUE"
"25426","CUNDINAMARCA","MACHETÁ"
"25430","CUNDINAMARCA","MADRID"
"25436","CUNDINAMARCA","MANTA"
"25438","CUNDINAMARCA","MEDINA"
"25473","CUNDINAMARCA","MOSQUERA"
"25483","CUNDINAMARCA","NARIÑO"
"25486","CUNDINAMARCA","NEMOCÓN"
"25488","CUNDINAMARCA","NILO"
"25489","CUNDINAMARCA","NIMAIMA"
"25491","CUNDINAMARCA","NOCAIMA"
"25506","CUNDINAMARCA","VENECIA"
"25513","CUNDINAMARCA","PACHO"
"25518","CUNDINAMARCA","PAIME"
"25524","CUNDINAMARCA","PANDI"
"25530","CUNDINAMARCA","PARATEBUENO"
"25535","CUNDINAMARCA","PASCA"
"25572","CUNDINAMARCA","PUERTO SALGAR"
"25580","CUNDINAMARCA","PULÍ"
"25592","CUNDINAMARCA","QUEBRADANEGRA"
"25594","CUNDINAMARCA","QUETAME"
"25596","CUNDINAMARCA","QUIPILE"
"25599","CUNDINAMARCA","APULO"
"25612","CUNDINAMARCA","RICAURTE"
"25645","CUNDINAMARCA","SAN ANTONIO DEL TEQUENDAMA"
"25649","CUNDINAMARCA","SAN BERNARDO"
"25653","CUNDINAMARCA","SAN CAYETANO"
"25658","CUNDINAMARCA","SAN FRANCISCO"
"25662","CUNDINAMARCA","SAN JUAN DE RIOSECO"
"25718","CUNDINAMARCA","SASAIMA"
"25736","CUNDINAMARCA","SESQUILÉ"
"25740","CUNDINAMARCA","SIBATÉ"
"25743","CUNDINAMARCA","SILVANIA"
"25745","CUNDINAMARCA","SIMIJACA"
"25754","CUNDINAMARCA","SOACHA"
"25758","CUNDINAMARCA","SOPÓ"
"25769","CUNDINAMARCA","SUBACHOQUE"
"25772","CUNDINAMARCA","SUESCA"
"25777","CUNDINAMARCA","SUPATÁ"
"25779","CUNDINAMARCA","SUSA"
"25781","CUNDINAMARCA","SUTATAUSA"
"25785","CUNDINAMARCA","TABIO"
"25793","CUNDINAMARCA","TAUSA"
"25797","CUNDINAMARCA","TENA"
"25799","CUNDINAMARCA","TENJO"
"25805","CUNDINAMARCA","TIBACUY"
"25807","CUNDINAMARCA","TIBIRITA"
"25815","CUNDINAMARCA","TOCAIMA"
"25817","CUNDINAMARCA","TOCANCIPÁ"
"25823","CUNDINAMARCA","TOPAIPÍ"
"25839","CUNDINAMARCA","UBALÁ"
"25841","CUNDINAMARCA","UBAQUE"
"25843","CUNDINAMARCA","VILLA DE SAN DIEGO DE UBATÉ"
"25845","CUNDINAMARCA","UNE"
"25851","CUNDINAMARCA","ÚTICA"
"25862","CUNDINAMARCA","VERGARA"
"25867","CUNDINAMARCA","VIANÍ"
"25871","CUNDINAMARCA","VILLAGÓMEZ"
"25873","CUNDINAMARCA","VILLAPINZÓN"
"25875","CUNDINAMARCA","VILLETA"
"25878","CUNDINAMARCA","VIOTÁ"
"25885","CUNDINAMARCA","YACOPÍ"
"25898","CUNDINAMARCA","ZIPACÓN"
"25899","CUNDINAMARCA","ZIPAQUIRÁ"
"27001","CHOCÓ","QUIBDÓ"
"27006","CHOCÓ","ACANDÍ"
"27025","CHOCÓ","ALTO BAUDÓ"
"27050","CHOCÓ","ATRATO"
"27073","CHOCÓ","BAGADÓ"
"27075","CHOCÓ","BAHÍA SOLANO"
"27077","CHOCÓ","BAJO BAUDÓ"
"27099","CHOCÓ","BOJAYÁ"
"27135","CHOCÓ","EL CANTÓN DEL SAN PABLO"
"27150","CHOCÓ","CARMEN DEL DARIÉN"
"27160","CHOCÓ","CÉRTEGUI"
"27205","CHOCÓ","CONDOTO"
"27245","CHOCÓ","EL CARMEN DE ATRATO"
"27250","CHOCÓ","EL LITORAL DEL SAN JUAN"
"27361","CHOCÓ","ISTMINA"
"27372","CHOCÓ","JURADÓ"
"27413","CHOCÓ","LLORÓ"
"27425","CHOCÓ","MEDIO ATRATO"
"27430","CHOCÓ","MEDIO BAUDÓ"
"27450","CHOCÓ","MEDIO SAN JUAN"
"27491","CHOCÓ","NÓVITA"
"27493","CHOCÓ","NUEVO BELÉN DE BAJIRÁ"
"27495","CHOCÓ","NUQUÍ"
"27580","CHOCÓ","RÍO IRÓ"
"27600","CHOCÓ","RÍO QUITO"
"27615","CHOCÓ","RIOSUCIO"
"27660","CHOCÓ","SAN JOSÉ DEL PALMAR"
"27745","CHOCÓ","SIPÍ"
"27787","CHOCÓ","TADÓ"
"27800","CHOCÓ","UNGUÍA"
"27810","CHOCÓ","UNIÓN PANAMERICANA"
"41001","HUILA","NEIVA"
"41006","HUILA","ACEVEDO"
"41013","HUILA","AGRADO"
"41016","HUILA","AIPE"
"41020","HUILA","ALGECIRAS"
"41026","HUILA","ALTAMIRA"
"41078","HUILA","BARAYA"
"41132","HUILA","CAMPOALEGRE"
"41206","HUILA","COLOMBIA"
"41244","HUILA","ELÍAS"
"41298","HUILA","GARZÓN"
"41306","HUILA","GIGANTE"
"41319","HUILA","GUADALUPE"
"41349","HUILA","HOBO"
"41357","HUILA","ÍQUIRA"
"41359","HUILA","ISNOS"
"41378","HUILA","LA ARGENTINA"
"41396","HUILA","LA PLATA"
"41483","HUILA","NÁTAGA"
"41503","HUILA","OPORAPA"
"41518","HUILA","PAICOL"
"41524","HUILA","PALERMO"
"41530","HUILA","PALESTINA"
"41548","HUILA","PITAL"
"41551","HUILA","PITALITO"
"41615","HUILA","RIVERA"
"41660","HUILA","SALADOBLANCO"
"41668","HUILA","SAN AGUSTÍN"
"41676","HUILA","SANTA MARÍA"
"41770","HUILA","SUAZA"
"41791","HUILA","TARQUI"
"41797","HUILA","TESALIA"
"41799","HUILA","TELLO"
"41801","HUILA","TERUEL"
"41807","HUILA","TIMANÁ"
"41872","HUILA","VILLAVIEJA"
"41885","HUILA","YAGUARÁ"
"44001","LA GUAJIRA","RIOHACHA"
"44035","LA GUAJIRA","ALBANIA"
"44078","LA GUAJIRA","BARRANCAS"
"44090","LA GUAJIRA","DIBULLA"
"44098","LA GUAJIRA","DISTRACCIÓN"
"44110","LA GUAJIRA","EL MOLINO"
"44279","LA GUAJIRA","FONSECA"
"44378","LA GUAJIRA","HATONUEVO"
"44420","LA GUAJIRA","LA JAGUA DEL PILAR"
"44430","LA GUAJIRA","MAICAO"
"44560","LA GUAJIRA","MANAURE"
"44650","LA GUAJIRA","SAN JUAN DEL CESAR"
"44847","LA GUAJIRA","URIBIA"
"44855","LA GUAJIRA","URUMITA"
"44874","LA GUAJIRA","VILLANUEVA"
"47001","MAGDALENA","SANTA MARTA"
"47030","MAGDALENA","ALGARROBO"
"47053","MAGDALENA","ARACATACA"
"47058","MAGDALENA","ARIGUANÍ"
"47161","MAGDALENA","CERRO DE SAN ANTONIO"
"47170","MAGDALENA","CHIVOLO"
"47189","MAGDALENA","CIÉNAGA"
"47205","MAGDALENA","CONCORDIA"
"47245","MAGDALENA","EL BANCO"
"47258","MAGDALENA","EL PIÑÓN"
"47268","MAGDALENA","EL RETÉN"
"47288","MAGDALENA","FUNDACIÓN"
"47318","MAGDALENA","GUAMAL"
"47460","MAGDALENA","NUEVA GRANADA"
"47541","MAGDALENA","PEDRAZA"
"47545","MAGDALENA","PIJIÑO DEL CARMEN"
"47551","MAGDALENA","PIVIJAY"
"47555","MAGDALENA","PLATO"
"47570","MAGDALENA","PUEBLOVIEJO"
"47605","MAGDALENA","REMOLINO"
"47660","MAGDALENA","SABANAS DE SAN ÁNGEL"
"47675","MAGDALENA","SALAMINA"
"47692","MAGDALENA","SAN SEBASTIÁN DE BUENAVISTA"
"47703","MAGDALENA","SAN ZENÓN"
"47707","MAGDALENA","SANTA ANA"
"47720","MAGDALENA","SANTA BÁRBARA DE PINTO"
"47745","MAGDALENA","SITIONUEVO"
"47798","MAGDALENA","TENERIFE"
"47960","MAGDALENA","ZAPAYÁN"
"47980","MAGDALENA","ZONA BANANERA"
"50001","META","VILLAVICENCIO"
"50006","META","ACACÍAS"
"50110","META","BARRANCA DE UPÍA"
"50124","META","CABUYARO"
"50150","META","CASTILLA LA NUEVA"
"50223","META","CUBARRAL"
"50226","META","CUMARAL"
"50245","META","EL CALVARIO"
"50251","META","EL CASTILLO"
"50270","META","EL DORADO"
"50287","META","FUENTE DE ORO"
"50313","META","GRANADA"
"50318","META","GUAMAL"
"50325","META","MAPIRIPÁN"
"50330","META","MESETAS"
"50350","META","LA MACARENA"
"50370","META","URIBE"
"50400","META","LEJANÍAS"
"50450","META","PUERTO CONCORDIA"
"50568","META","PUERTO GAITÁN"
"50573","META","PUERTO LÓPEZ"
"50577","META","PUERTO LLERAS"
"50590","META","PUERTO RICO"
"50606","META","RESTREPO"
"50680","META","SAN CARLOS DE GUAROA"
"50683","META","SAN JUAN DE ARAMA"
"50686","META","SAN JUANITO"
"50689","META","SAN MARTÍN"
"50711","META","VISTAHERMOSA"
"52001","NARIÑO","PASTO"
"52019","NARIÑO","ALBÁN"
"52022","NARIÑO","ALDANA"
"52036","NARIÑO","ANCUYA"
"52051","NARIÑO","ARBOLEDA"
"52079","NARIÑO","BARBACOAS"
"52083","NARIÑO","BELÉN"
"52110","NARIÑO","BUESACO"
"52203","NARIÑO","COLÓN"
"52207","NARIÑO","CONSACÁ"
"52210","NARIÑO","CONTADERO"
"52215","NARIÑO","CÓRDOBA"
"52224","NARIÑO","CUASPUD CARLOSAMA"
"52227","NARIÑO","CUMBAL"
"52233","NARIÑO","CUMBITARA"
"52240","NARIÑO","CHACHAGÜÍ"
"52250","NARIÑO","EL CHARCO"
"52254","NARIÑO","EL PEÑOL"
"52256","NARIÑO","EL ROSARIO"
"52258","NARIÑO","EL TABLÓN DE GÓMEZ"
"52260","NARIÑO","EL TAMBO"
"52287","NARIÑO","FUNES"
"52317","NARIÑO","GUACHUCAL"
"52320","NARIÑO","GUAITARILLA"
"52323","NARIÑO","GUALMATÁN"
"52352","NARIÑO","ILES"
"52354","NARIÑO","IMUÉS"
"52356","NARIÑO","IPIALES"
"52378","NARIÑO","LA CRUZ"
"52381","NARIÑO","LA FLORIDA"
"52385","NARIÑO","LA LLANADA"
"52390","NARIÑO","LA TOLA"
"52399","NARIÑO","LA UNIÓN"
"52405","NARIÑO","LEIVA"
"52411","NARIÑO","LINARES"
"52418","NARIÑO","LOS ANDES"
"52427","NARIÑO","MAGÜÍ"
"52435","NARIÑO","MALLAMA"
"52473","NARIÑO","MOSQUERA"
"52480","NARIÑO","NARIÑO"
"52490","NARIÑO","OLAYA HERRERA"
"52506","NARIÑO","OSPINA"
"52520","NARIÑO","FRANCISCO PIZARRO"
"52540","NARIÑO","POLICARPA"
"52560","NARIÑO","POTOSÍ"
"52565","NARIÑO","PROVIDENCIA"
"52573","NARIÑO","PUERRES"
"52585","NARIÑO","PUPIALES"
"52612","NARIÑO","RICAURTE"
"52621","NARIÑO","ROBERTO PAYÁN"
"52678","NARIÑO","SAMANIEGO"
"52683","NARIÑO","SANDONÁ"
"52685","NARIÑO","SAN BERNARDO"
"52687","NARIÑO","SAN LORENZO"
"52693","NARIÑO","SAN PABLO"
"52694","NARIÑO","SAN PEDRO DE CARTAGO"
"52696","NARIÑO","SANTA BÁRBARA"
"52699","NARIÑO","SANTACRUZ"
"52720","NARIÑO","SAPUYES"
"52786","NARIÑO","TAMINANGO"
"52788","NARIÑO","TANGUA"
"52835","NARIÑO","SAN ANDRÉS DE TUMACO"
"52838","NARIÑO","TÚQUERRES"
"52885","NARIÑO","YACUANQUER"
"54001","NORTE DE SANTANDER","SAN JOSÉ DE CÚCUTA"
"54003","NORTE DE SANTANDER","ÁBREGO"
"54051","NORTE DE SANTANDER","ARBOLEDAS"
"54099","NORTE DE SANTANDER","BOCHALEMA"
"54109","NORTE DE SANTANDER","BUCARASICA"
"54125","NORTE DE SANTANDER","CÁCOTA"
"54128","NORTE DE SANTANDER","CÁCHIRA"
"54172","NORTE DE SANTANDER","CHINÁCOTA"
"54174","NORTE DE SANTANDER","CHITAGÁ"
"54206","NORTE DE SANTANDER","CONVENCIÓN"
"54223","NORTE DE SANTANDER","CUCUTILLA"
"54239","NORTE DE SANTANDER","DURANIA"
"54245","NORTE DE SANTANDER","EL CARMEN"
"54250","NORTE DE SANTANDER","EL TARRA"
"54261","NORTE DE SANTANDER","EL ZULIA"
"54313","NORTE DE SANTANDER","GRAMALOTE"
"54344","NORTE DE SANTANDER","HACARÍ"
"54347","NORTE DE SANTANDER","HERRÁN"
"54377","NORTE DE SANTANDER","LABATECA"
"54385","NORTE DE SANTANDER","LA ESPERANZA"
"54398","NORTE DE SANTANDER","LA PLAYA"
"54405","NORTE DE SANTANDER","LOS PATIOS"
"54418","NORTE DE SANTANDER","LOURDES"
"54480","NORTE DE SANTANDER","MUTISCUA"
"54498","NORTE DE SANTANDER","OCAÑA"
"54518","NORTE DE SANTANDER","PAMPLONA"
"54520","NORTE DE SANTANDER","PAMPLONITA"
"54553","NORTE DE SANTANDER","PUERTO SANTANDER"
"54599","NORTE DE SANTANDER","RAGONVALIA"
"54660","NORTE DE SANTANDER","SALAZAR"
"54670","NORTE DE SANTANDER","SAN CALIXTO"
"54673","NORTE DE SANTANDER","SAN CAYETANO"
"54680","NORTE DE SANTANDER","SANTIAGO"
"54720","NORTE DE SANTANDER","SARDINATA"
"54743","NORTE DE SANTANDER","SILOS"
"54800","NORTE DE SANTANDER","TEORAMA"
"54810","NORTE DE SANTANDER","TIBÚ"
"54820","NORTE DE SANTANDER","TOLEDO"
"54871","NORTE DE SANTANDER","VILLA CARO"
"54874","NORTE DE SANTANDER","VILLA DEL ROSARIO"
"63001","QUINDÍO","ARMENIA"
"63111","QUINDÍO","BUENAVISTA"
"63130","QUINDÍO","CALARCÁ"
"63190","QUINDÍO","CIRCASIA"
"63212","QUINDÍO","CÓRDOBA"
"63272","QUINDÍO","FILANDIA"
"63302","QUINDÍO","GÉNOVA"
"63401","QUINDÍO","LA TEBAIDA"
"63470","QUINDÍO","MONTENEGRO"
"63548","QUINDÍO","PIJAO"
"63594","QUINDÍO","QUIMBAYA"
"63690","QUINDÍO","SALENTO"
"66001","RISARALDA","PEREIRA"
"66045","RISARALDA","APÍA"
"66075","RISARALDA","BALBOA"
"66088","RISARALDA","BELÉN DE UMBRÍA"
"66170","RISARALDA","DOSQUEBRADAS"
"66318","RISARALDA","GUÁTICA"
"66383","RISARALDA","LA CELIA"
"66400","RISARALDA","LA VIRGINIA"
"66440","RISARALDA","MARSELLA"
"66456","RISARALDA","MISTRATÓ"
"66572","RISARALDA","PUEBLO RICO"
"66594","RISARALDA","QUINCHÍA"
"66682","RISARALDA","SANTA ROSA DE CABAL"
"66687","RISARALDA","SANTUARIO"
"68001","SANTANDER","BUCARAMANGA"
"68013","SANTANDER","AGUADA"
"68020","SANTANDER","ALBANIA"
"68051","SANTANDER","ARATOCA"
"68077","SANTANDER","BARBOSA"
"68079","SANTANDER","BARICHARA"
"68081","SANTANDER","BARRANCABERMEJA"
"68092","SANTANDER","BETULIA"
"68101","SANTANDER","BOLÍVAR"
"68121","SANTANDER","CABRERA"
"68132","SANTANDER","CALIFORNIA"
"68147","SANTANDER","CAPITANEJO"
"68152","SANTANDER","CARCASÍ"
"68160","SANTANDER","CEPITÁ"
"68162","SANTANDER","CERRITO"
"68167","SANTANDER","CHARALÁ"
"68169","SANTANDER","CHARTA"
"68176","SANTANDER","CHIMA"
"68179","SANTANDER","CHIPATÁ"
"68190","SANTANDER","CIMITARRA"
"68207","SANTANDER","CONCEPCIÓN"
"68209","SANTANDER","CONFINES"
"68211","SANTANDER","CONTRATACIÓN"
"68217","SANTANDER","COROMORO"
"68229","SANTANDER","CURITÍ"
"68235","SANTANDER","EL CARMEN DE CHUCURÍ"
"68245","SANTANDER","EL GUACAMAYO"
"68250","SANTANDER","EL PEÑÓN"
"68255","SANTANDER","EL PLAYÓN"
"68264","SANTANDER","ENCINO"
"68266","SANTANDER","ENCISO"
"68271","SANTANDER","FLORIÁN"
"68276","SANTANDER","FLORIDABLANCA"
"68296","SANTANDER","GALÁN"
"68298","SANTANDER","GÁMBITA"
"68307","SANTANDER","GIRÓN"
"68318","SANTANDER","GUACA"
"68320","SANTANDER","GUADALUPE"
"68322","SANTANDER","GUAPOTÁ"
"68324","SANTANDER","GUAVATÁ"
"68327","SANTANDER","GÜEPSA"
"68344","SANTANDER","HATO"
"68368","SANTANDER","JESÚS MARÍA"
"68370","SANTANDER","JORDÁN"
"68377","SANTANDER","LA BELLEZA"
"68385","SANTANDER","LANDÁZURI"
"68397","SANTANDER","LA PAZ"
"68406","SANTANDER","LEBRIJA"
"68418","SANTANDER","LOS SANTOS"
"68425","SANTANDER","MACARAVITA"
"68432","SANTANDER","MÁLAGA"
"68444","SANTANDER","MATANZA"
"68464","SANTANDER","MOGOTES"
"68468","SANTANDER","MOLAGAVITA"
"68498","SANTANDER","OCAMONTE"
"68500","SANTANDER","OIBA"
"68502","SANTANDER","ONZAGA"
"68522","SANTANDER","PALMAR"
"68524","SANTANDER","PALMAS DEL SOCORRO"
"68533","SANTANDER","PÁRAMO"
"68547","SANTANDER","PIEDECUESTA"
"68549","SANTANDER","PINCHOTE"
"68572","SANTANDER","PUENTE NACIONAL"
"68573","SANTANDER","PUERTO PARRA"
"68575","SANTANDER","PUERTO WILCHES"
"68615","SANTANDER","RIONEGRO"
"68655","SANTANDER","SABANA DE TORRES"
"68669","SANTANDER","SAN ANDRÉS"
"68673","SANTANDER","SAN BENITO"
"68679","SANTANDER","SAN GIL"
"68682","SANTANDER","SAN JOAQUÍN"
"68684","SANTANDER","SAN JOSÉ DE MIRANDA"
"68686","SANTANDER","SAN MIGUEL"
"68689","SANTANDER","SAN VICENTE DE CHUCURÍ"
"68705","SANTANDER","SANTA BÁRBARA"
"68720","SANTANDER","SANTA HELENA DEL OPÓN"
"68745","SANTANDER","SIMACOTA"
"68755","SANTANDER","SOCORRO"
"68770","SANTANDER","SUAITA"
"68773","SANTANDER","SUCRE"
"68780","SANTANDER","SURATÁ"
"68820","SANTANDER","TONA"
"68855","SANTANDER","VALLE DE SAN JOSÉ"
"68861","SANTANDER","VÉLEZ"
"68867","SANTANDER","VETAS"
"68872","SANTANDER","VILLANUEVA"
"68895","SANTANDER","ZAPATOCA"
"70001","SUCRE","SINCELEJO"
"70110","SUCRE","BUENAVISTA"
"70124","SUCRE","CAIMITO"
"70204","SUCRE","COLOSÓ"
"70215","SUCRE","COROZAL"
"70221","SUCRE","COVEÑAS"
"70230","SUCRE","CHALÁN"
"70233","SUCRE","EL ROBLE"
"70235","SUCRE","GALERAS"
"70265","SUCRE","GUARANDA"
"70400","SUCRE","LA UNIÓN"
"70418","SUCRE","LOS PALMITOS"
"70429","SUCRE","MAJAGUAL"
"70473","SUCRE","MORROA"
"70508","SUCRE","OVEJAS"
"70523","SUCRE","PALMITO"
"70670","SUCRE","SAMPUÉS"
"70678","SUCRE","SAN BENITO ABAD"
"70702","SUCRE","SAN JUAN DE BETULIA"
"70708","SUCRE","SAN MARCOS"
"70713","SUCRE","SAN ONOFRE"
"70717","SUCRE","SAN PEDRO"
"70742","SUCRE","SAN LUIS DE SINCÉ"
"70771","SUCRE","SUCRE"
"70820","SUCRE","SANTIAGO DE TOLÚ"
"70823","SUCRE","SAN JOSÉ DE TOLUVIEJO"
"73001","TOLIMA","IBAGUÉ"
"73024","TOLIMA","ALPUJARRA"
"73026","TOLIMA","ALVARADO"
"73030","TOLIMA","AMBALEMA"
"73043","TOLIMA","ANZOÁTEGUI"
"73055","TOLIMA","ARMERO"
"73067","TOLIMA","ATACO"
"73124","TOLIMA","CAJAMARCA"
"73148","TOLIMA","CARMEN DE APICALÁ"
"73152","TOLIMA","CASABIANCA"
"73168","TOLIMA","CHAPARRAL"
"73200","TOLIMA","COELLO"
"73217","TOLIMA","COYAIMA"
"73226","TOLIMA","CUNDAY"
"73236","TOLIMA","DOLORES"
"73268","TOLIMA","ESPINAL"
"73270","TOLIMA","FALAN"
"73275","TOLIMA","FLANDES"
"73283","TOLIMA","FRESNO"
"73319","TOLIMA","GUAMO"
"73347","TOLIMA","HERVEO"
"73349","TOLIMA","HONDA"
"73352","TOLIMA","ICONONZO"
"73408","TOLIMA","LÉRIDA"
"73411","TOLIMA","LÍBANO"
"73443","TOLIMA","SAN SEBASTIÁN DE MARIQUITA"
"73449","TOLIMA","MELGAR"
"73461","TOLIMA","MURILLO"
"73483","TOLIMA","NATAGAIMA"
"73504","TOLIMA","ORTEGA"
"73520","TOLIMA","PALOCABILDO"
"73547","TOLIMA","PIEDRAS"
"73555","TOLIMA","PLANADAS"
"73563","TOLIMA","PRADO"
"73585","TOLIMA","PURIFICACIÓN"
"73616","TOLIMA","RIOBLANCO"
"73622","TOLIMA","RONCESVALLES"
"73624","TOLIMA","ROVIRA"
"73671","TOLIMA","SALDAÑA"
"73675","TOLIMA","SAN ANTONIO"
"73678","TOLIMA","SAN LUIS"
"73686","TOLIMA","SANTA ISABEL"
"73770","TOLIMA","SUÁREZ"
"73854","TOLIMA","VALLE DE SAN JUAN"
"73861","TOLIMA","VENADILLO"
"73870","TOLIMA","VILLAHERMOSA"
"73873","TOLIMA","VILLARRICA"
"76001","VALLE DEL CAUCA","SANTIAGO DE CALI"
"76020","VALLE DEL CAUCA","ALCALÁ"
"76036","VALLE DEL CAUCA","ANDALUCÍA"
"76041","VALLE DEL CAUCA","ANSERMANUEVO"
"76054","VALLE DEL CAUCA","ARGELIA"
"76100","VALLE DEL CAUCA","BOLÍVAR"
"76109","VALLE DEL CAUCA","BUENAVENTURA"
"76111","VALLE DEL CAUCA","GUADALAJARA DE BUGA"
"76113","VALLE DEL CAUCA","BUGALAGRANDE"
"76122","VALLE DEL CAUCA","CAICEDONIA"
"76126","VALLE DEL CAUCA","CALIMA"
"76130","VALLE DEL CAUCA","CANDELARIA"
"76147","VALLE DEL CAUCA","CARTAGO"
"76233","VALLE DEL CAUCA","DAGUA"
"76243","VALLE DEL CAUCA","EL ÁGUILA"
"76246","VALLE DEL CAUCA","EL CAIRO"
"76248","VALLE DEL CAUCA","EL CERRITO"
"76250","VALLE DEL CAUCA","EL DOVIO"
"76275","VALLE DEL CAUCA","FLORIDA"
"76306","VALLE DEL CAUCA","GINEBRA"
"76318","VALLE DEL CAUCA","GUACARÍ"
"76364","VALLE DEL CAUCA","JAMUNDÍ"
"76377","VALLE DEL CAUCA","LA CUMBRE"
"76400","VALLE DEL CAUCA","LA UNIÓN"
"76403","VALLE DEL CAUCA","LA VICTORIA"
"76497","VALLE DEL CAUCA","OBANDO"
"76520","VALLE DEL CAUCA","PALMIRA"
"76563","VALLE DEL CAUCA","PRADERA"
"76606","VALLE DEL CAUCA","RESTREPO"
"76616","VALLE DEL CAUCA","RIOFRÍO"
"76622","VALLE DEL CAUCA","ROLDANILLO"
"76670","VALLE DEL CAUCA","SAN PEDRO"
"76736","VALLE DEL CAUCA","SEVILLA"
"76823","VALLE DEL CAUCA","TORO"
"76828","VALLE DEL CAUCA","TRUJILLO"
"76834","VALLE DEL CAUCA","TULUÁ"
"76845","VALLE DEL CAUCA","ULLOA"
"76863","VALLE DEL CAUCA","VERSALLES"
"76869","VALLE DEL CAUCA","VIJES"
"76890","VALLE DEL CAUCA","YOTOCO"
"76892","VALLE DEL CAUCA","YUMBO"
"76895","VALLE DEL CAUCA","ZARZAL"
"81001","ARAUCA","ARAUCA"
"81065","ARAUCA","ARAUQUITA"
"81220","ARAUCA","CRAVO NORTE"
"81300","ARAUCA","FORTUL"
"81591","ARAUCA","PUERTO RONDÓN"
"81736","ARAUCA","SARAVENA"
"81794","ARAUCA","TAME"
"85001","CASANARE","YOPAL"
"85010","CASANARE","AGUAZUL"
"85015","CASANARE","CHÁMEZA"
"85125","CASANARE","HATO COROZAL"
"85136","CASANARE","LA SALINA"
"85139","CASANARE","MANÍ"
"85162","CASANARE","MONTERREY"
"85225","CASANARE","NUNCHÍA"
"85230","CASANARE","OROCUÉ"
"85250","CASANARE","PAZ DE ARIPORO"
"85263","CASANARE","PORE"
"85279","CASANARE","RECETOR"
"85300","CASANARE","SABANALARGA"
"85315","CASANARE","SÁCAMA"
"85325","CASANARE","SAN LUIS DE PALENQUE"
"85400","CASANARE","TÁMARA"
"85410","CASANARE","TAURAMENA"
"85430","CASANARE","TRINIDAD"
"85440","CASANARE","VILLANUEVA"
"86001","PUTUMAYO","MOCOA"
"86219","PUTUMAYO","COLÓN"
"86320","PUTUMAYO","ORITO"
"86568","PUTUMAYO","PUERTO ASÍS"
"86569","PUTUMAYO","PUERTO CAICEDO"
"86571","PUTUMAYO","PUERTO GUZMÁN"
"86573","PUTUMAYO","PUERTO LEGUÍZAMO"
"86749","PUTUMAYO","SIBUNDOY"
"86755","PUTUMAYO","SAN FRANCISCO"
"86757","PUTUMAYO","SAN MIGUEL"
"86760","PUTUMAYO","SANTIAGO"
"86865","PUTUMAYO","VALLE DEL GUAMUEZ"
"86885","PUTUMAYO","VILLAGARZÓN"
"88001","ARCHIPIÉLAGO DE SAN ANDRÉS, PROVIDENCIA Y SANTA CATALINA","SAN ANDRÉS"
"88564","ARCHIPIÉLAGO DE SAN ANDRÉS, PROVIDENCIA Y SANTA CATALINA","PROVIDENCIA"
"91001","AMAZONAS","LETICIA"
"91263","AMAZONAS","EL ENCANTO"
"91405","AMAZONAS","LA CHORRERA"
"91407","AMAZONAS","LA PEDRERA"
"91430","AMAZONAS","LA VICTORIA"
"91460","AMAZONAS","MIRITÍ - PARANÁ"
"91530","AMAZONAS","PUERTO ALEGRÍA"
"91536","AMAZONAS","PUERTO ARICA"
"91540","AMAZONAS","PUERTO NARIÑO"
"91669","AMAZONAS","PUERTO SANTANDER"
"91798","AMAZONAS","TARAPACÁ"
"94001","GUAINÍA","INÍRIDA"
"94343","GUAINÍA","BARRANCOMINAS"
"94883","GUAINÍA","SAN FELIPE"
"94884","GUAINÍA","PUERTO COLOMBIA"
"94885","GUAINÍA","LA GUADALUPE"
"94886","GUAINÍA","CACAHUAL"
"94887","GUAINÍA","PANA PANA"
"94888","GUAINÍA","MORICHAL"
"95001","GUAVIARE","SAN JOSÉ DEL GUAVIARE"
"95015","GUAVIARE","CALAMAR"
"95025","GUAVIARE","EL RETORNO"
"95200","GUAVIARE","MIRAFLORES"
"97001","VAUPÉS","MITÚ"
"97161","VAUPÉS","CARURÚ"
"97511","VAUPÉS","PACOA"
"97666","VAUPÉS","TARAIRA"
"97777","VAUPÉS","PAPUNAHUA"
"97889","VAUPÉS","YAVARATÉ"
"99001","VICHADA","PUERTO CARREÑO"
"99524","VICHADA","LA PRIMAVERA"
"99624","VICHADA","SANTA ROSALÍA"
"99773","VICHADA","CUMARIBO"
